material_type,strength_mpa,weight_capacity_kg,biodegradability_score,co2_emission_score,recyclability_percent,cost_per_kg
Sugarcane Bagasse,27.48,9.72,9.73,1.18,87.03,49.36
Biodegradable Plastic (PLA),42.9,14.3,8.53,2.95,81.65,90.62
Cornstarch Packaging,32.68,10.6,8.9,2.29,73.64,94.56
Palm Leaf Packaging,19.94,10.63,9.29,0.99,90.93,87.11
Cornstarch Packaging,35.34,7.73,9.27,1.57,77.15,88.53
Cornstarch Packaging,32.0,11.12,9.39,2.16,67.44,104.76
Molded Pulp,32.0,11.12,9.39,2.16,67.44,104.76
Biodegradable Plastic (PLA),39.11,8.34,8.91,2.28,75.93,89.24
Sugarcane Bagasse,28.69,10.34,9.09,0.86,85.59,59.52
Molded Pulp,28.69,10.34,9.09,0.86,85.59,59.52
Seaweed-Based Film,17.61,8.56,9.83,0.99,88.65,72.56
Glass (Recycled),72.59,23.07,1.15,5.48,98.86,43.97
Aluminum (Recycled),100.31,35.59,1.66,7.15,96.79,134.63
Cornstarch Packaging,36.66,14.93,8.93,1.6,71.22,96.26
Jute Fiber Packaging,35.25,17.07,9.83,1.18,86.2,64.26
Cornstarch Packaging,36.81,16.61,9.5,2.24,75.45,101.38
Recycled Paperboard,23.26,8.4,8.13,1.61,93.61,28.74
Biodegradable Plastic (PLA),42.39,10.45,8.8,1.62,70.8,88.06
Glass (Recycled),77.32,26.64,2.61,4.28,99.46,50.79
Corrugated Cardboard,20.89,8.34,7.96,1.54,92.27,37.91
Mushroom Packaging (Mycelium),25.03,9.53,9.42,0.88,86.56,60.26
Cornstarch Packaging,34.19,13.21,9.17,2.55,72.27,128.59
Cornstarch Packaging,25.41,11.92,8.87,1.56,77.19,105.13
Biodegradable Plastic (PLA),34.04,12.9,8.69,2.23,84.71,92.1
Bamboo Fiber,36.57,15.26,8.86,1.34,88.68,62.65
Compostable Mailer,37.93,18.57,8.62,2.75,71.42,89.33
Cornstarch Packaging,35.5,10.49,9.38,1.52,75.24,91.32
Bamboo Fiber,27.75,14.42,9.54,1.13,94.37,52.75
Recycled PET (rPET),50.3,18.71,4.77,4.32,78.87,109.8
Seaweed-Based Film,26.14,12.61,9.53,0.89,86.21,93.83
Mushroom Packaging (Mycelium),26.3,11.56,9.34,0.98,94.44,93.83
Recycled Paperboard,23.75,9.69,8.78,1.27,82.42,38.48
Molded Pulp,23.75,9.69,8.78,1.27,82.42,38.48
Seaweed-Based Film,26.47,8.57,9.01,0.83,92.13,81.51
Mushroom Packaging (Mycelium),19.04,11.31,9.71,0.89,89.23,84.79
Mushroom Packaging (Mycelium),29.82,10.83,9.66,1.15,86.22,62.06
Recycled Paperboard,20.33,7.37,9.45,1.51,93.38,34.47
Seaweed-Based Film,25.07,12.91,9.58,1.09,87.54,83.35
Biodegradable Plastic (PLA),29.65,13.45,9.72,2.93,83.3,98.51
Cornstarch Packaging,37.37,11.78,9.75,2.78,70.89,99.25
Recycled PET (rPET),52.32,23.43,2.51,3.84,89.04,110.88
Bamboo Fiber,28.46,13.46,9.42,1.49,86.4,60.37
Bamboo Fiber,33.43,14.68,9.55,1.32,88.59,55.87
Seaweed-Based Film,27.58,11.03,9.87,1.43,91.65,70.09
Cornstarch Packaging,37.85,15.41,9.41,2.69,82.8,96.9
Jute Fiber Packaging,28.91,12.29,9.37,0.92,89.66,60.85
Palm Leaf Packaging,28.43,6.77,9.03,0.73,95.69,61.61
Biodegradable Plastic (PLA),35.32,8.77,9.5,1.82,77.46,84.27
Glass (Recycled),70.36,21.74,2.08,4.96,98.63,59.52
Molded Pulp,70.36,21.74,2.08,4.96,98.63,59.52
Palm Leaf Packaging,14.87,10.37,9.8,0.92,90.71,44.71
Biodegradable Plastic (PLA),37.52,14.6,9.03,1.76,68.13,92.51
Cornstarch Packaging,43.83,13.21,9.36,1.92,84.1,116.89
Corrugated Cardboard,29.37,11.06,8.34,1.4,85.34,36.37
Cornstarch Packaging,37.22,14.32,9.12,1.65,74.83,103.67
Mushroom Packaging (Mycelium),23.74,7.5,9.4,1.19,93.26,42.72
Biodegradable Plastic (PLA),42.21,7.69,9.15,2.78,78.17,88.15
Palm Leaf Packaging,26.0,8.8,9.03,1.17,97.22,74.53
Aluminum (Recycled),105.86,22.57,1.19,8.09,99.71,145.44
Palm Leaf Packaging,26.4,8.75,9.07,0.96,95.98,41.4
Jute Fiber Packaging,29.64,15.55,8.68,1.32,91.29,67.55
Recycled Paperboard,25.44,10.26,8.06,1.34,91.26,37.1
Compostable Mailer,34.9,12.35,8.98,2.66,71.82,126.54
Biodegradable Plastic (PLA),33.91,15.3,9.48,2.63,67.06,125.13
Recycled Paperboard,26.92,9.04,8.14,1.92,85.84,25.16
Recycled Paperboard,23.97,8.74,9.4,1.66,89.48,31.73
Recycled PET (rPET),48.96,15.14,4.02,4.13,86.87,113.69
Aluminum (Recycled),89.88,24.62,0.59,8.1,97.21,165.51
Aluminum (Recycled),81.75,28.07,0.71,8.52,98.09,134.04
Glass (Recycled),71.96,22.47,1.15,5.23,98.53,41.63
Bamboo Fiber,26.21,8.78,9.72,1.47,94.86,65.07
Recycled PET (rPET),50.69,19.15,4.33,3.84,81.36,117.19
Bamboo Fiber,31.92,9.99,8.52,1.18,85.56,52.38
Aluminum (Recycled),93.23,25.04,1.62,8.17,99.81,144.99
Glass (Recycled),75.52,22.99,1.45,5.44,95.06,59.4
Seaweed-Based Film,26.12,10.03,9.07,1.14,97.6,71.39
Biodegradable Plastic (PLA),42.26,14.88,9.09,2.44,76.69,125.06
Recycled PET (rPET),68.14,16.77,2.83,3.28,81.96,100.6
Palm Leaf Packaging,21.2,10.3,9.97,1.49,94.08,72.17
Sugarcane Bagasse,29.75,8.85,9.68,0.83,96.84,89.35
Compostable Mailer,28.4,17.49,9.71,2.8,65.9,81.32
Biodegradable Plastic (PLA),40.9,10.59,9.78,1.73,76.88,99.04
Sugarcane Bagasse,24.43,12.48,9.41,0.92,85.73,91.88
Bamboo Fiber,32.02,13.14,9.65,1.47,93.5,54.95
Aluminum (Recycled),79.32,29.15,1.93,8.21,96.14,156.87
Biodegradable Plastic (PLA),27.33,15.83,8.65,2.51,75.41,118.62
Jute Fiber Packaging,36.72,13.2,9.33,1.24,93.77,58.07
Biodegradable Plastic (PLA),38.23,16.11,9.42,1.82,67.73,80.73
Bamboo Fiber,36.23,7.72,9.09,1.16,94.04,56.97
Mushroom Packaging (Mycelium),32.51,10.15,9.4,1.2,96.21,96.97
Sugarcane Bagasse,16.48,9.89,9.46,1.48,91.4,59.73
Corrugated Cardboard,19.09,10.34,7.65,1.3,81.92,27.28
Compostable Mailer,36.83,9.18,8.74,2.02,82.94,103.7
Seaweed-Based Film,20.07,11.01,9.19,0.73,87.2,56.72
Sugarcane Bagasse,24.46,7.93,9.21,0.99,91.54,81.42
Seaweed-Based Film,21.5,10.43,9.87,1.44,85.79,56.61
Jute Fiber Packaging,34.46,15.27,8.78,1.03,88.7,59.69
Cornstarch Packaging,27.42,16.1,9.1,2.62,65.73,92.62
Sugarcane Bagasse,27.88,10.62,9.51,1.13,86.39,66.84
Jute Fiber Packaging,25.57,13.61,8.9,1.13,85.2,56.44
Recycled PET (rPET),51.12,15.67,2.36,4.34,83.9,110.37
Seaweed-Based Film,24.96,12.96,9.09,1.13,92.63,84.73
Bamboo Fiber,27.85,12.43,8.93,1.12,91.46,61.42
Corrugated Cardboard,18.8,10.13,7.7,1.32,83.69,27.41
Aluminum (Recycled),84.08,24.82,0.76,8.79,95.4,150.98
Bamboo Fiber,33.08,12.85,8.67,1.14,94.69,67.31
Bamboo Fiber,29.69,15.27,8.76,1.3,94.29,61.14
Bamboo Fiber,25.32,14.63,9.65,1.01,88.24,58.51
Palm Leaf Packaging,16.86,10.1,9.11,1.19,88.75,74.87
Recycled Paperboard,22.8,6.58,8.57,1.24,85.05,27.02
Molded Pulp,22.8,6.58,8.57,1.24,85.05,27.02
Glass (Recycled),78.05,22.12,1.51,5.02,98.8,51.91
Jute Fiber Packaging,22.11,10.61,9.02,1.46,93.31,69.3
Mushroom Packaging (Mycelium),26.86,8.79,9.94,0.84,85.86,84.47
Corrugated Cardboard,26.5,9.51,7.78,1.84,83.02,27.45
Palm Leaf Packaging,26.97,9.16,9.67,1.12,89.66,92.63
Corrugated Cardboard,26.6,8.18,8.38,1.5,86.94,29.52
Cornstarch Packaging,35.09,17.03,8.8,2.85,72.68,107.18
Aluminum (Recycled),92.36,34.63,0.68,8.88,98.14,143.4
Palm Leaf Packaging,26.69,9.17,9.62,1.13,96.62,87.32
Aluminum (Recycled),85.41,24.9,0.87,8.49,95.17,152.8
Corrugated Cardboard,24.44,9.67,8.18,1.86,81.66,37.7
Recycled Paperboard,22.19,7.04,9.09,1.32,83.44,35.83
Aluminum (Recycled),98.7,38.13,1.54,8.09,96.26,143.83
Biodegradable Plastic (PLA),26.11,16.49,9.1,2.92,68.07,109.31
Mushroom Packaging (Mycelium),37.23,10.26,9.02,1.4,97.12,73.91
Molded Pulp,37.23,10.26,9.02,1.4,97.12,73.91
Glass (Recycled),73.85,26.12,2.41,4.23,97.88,52.13
Biodegradable Plastic (PLA),42.97,10.47,9.71,2.89,74.02,85.66
Molded Pulp,42.97,10.47,9.71,2.89,74.02,85.66
Seaweed-Based Film,25.28,12.19,9.59,1.02,85.71,60.11
Seaweed-Based Film,19.94,6.69,9.54,1.44,89.5,60.82
Aluminum (Recycled),86.64,40.01,0.84,7.9,95.7,137.06
Recycled Paperboard,14.91,8.89,9.33,1.49,88.71,34.48
Palm Leaf Packaging,23.66,7.79,9.09,1.5,91.53,75.72
Cornstarch Packaging,35.07,11.93,8.77,2.85,69.1,89.53
Corrugated Cardboard,22.9,7.91,8.63,1.25,91.63,31.8
Recycled PET (rPET),39.09,24.37,3.2,3.84,77.33,95.46
Seaweed-Based Film,17.96,8.44,9.64,1.03,85.33,49.37
Palm Leaf Packaging,29.68,12.54,9.03,0.88,88.0,80.31
Compostable Mailer,32.38,13.47,9.35,1.86,66.99,92.16
Recycled Paperboard,25.13,9.89,9.16,1.52,90.02,28.07
Recycled Paperboard,24.78,8.38,7.53,1.27,83.12,25.4
Biodegradable Plastic (PLA),36.63,8.25,9.05,2.84,81.35,97.09
Jute Fiber Packaging,29.18,8.77,9.39,1.06,91.24,58.19
Compostable Mailer,24.59,17.09,8.88,2.92,80.27,87.01
Mushroom Packaging (Mycelium),24.81,12.21,9.89,1.34,90.53,41.35
Recycled PET (rPET),56.85,13.16,3.9,3.39,77.09,115.05
Corrugated Cardboard,23.06,9.7,7.84,1.42,80.28,38.71
Sugarcane Bagasse,25.98,8.04,9.27,1.14,93.47,89.78
Mushroom Packaging (Mycelium),26.28,11.97,9.6,1.23,87.28,94.86
Jute Fiber Packaging,24.64,9.16,9.28,0.93,86.66,64.76
Cornstarch Packaging,35.93,9.73,8.82,2.08,70.77,97.78
Aluminum (Recycled),80.24,36.32,1.35,7.95,98.32,167.47
Aluminum (Recycled),81.42,34.2,0.55,7.52,97.98,132.06
Compostable Mailer,47.8,11.71,8.93,2.66,67.13,83.76
Corrugated Cardboard,22.9,12.54,8.88,1.55,83.7,37.29
Recycled Paperboard,24.9,10.95,8.04,1.67,85.41,26.37
Corrugated Cardboard,22.78,10.24,7.87,1.63,93.09,35.98
Bamboo Fiber,34.24,16.24,9.54,1.41,87.5,59.79
Seaweed-Based Film,27.15,10.42,9.18,1.15,96.9,42.04
Jute Fiber Packaging,27.68,16.16,9.89,1.48,94.44,59.48
Seaweed-Based Film,25.14,10.06,9.32,1.36,85.48,75.78
Aluminum (Recycled),85.66,28.14,0.62,8.39,96.7,158.99
Recycled Paperboard,22.44,8.12,8.58,1.83,84.78,34.39
Palm Leaf Packaging,26.34,11.78,9.23,0.72,96.31,41.28
Jute Fiber Packaging,32.33,16.2,9.91,1.38,94.98,57.01
Corrugated Cardboard,21.45,11.82,8.46,1.7,93.11,39.76
Recycled Paperboard,21.66,11.91,8.34,1.79,83.58,26.66
Glass (Recycled),59.24,20.41,1.59,4.35,95.21,40.36
Compostable Mailer,34.83,12.7,9.0,2.52,69.37,127.5
Molded Pulp,34.83,12.7,9.0,2.52,69.37,127.5
Corrugated Cardboard,25.95,8.57,9.39,1.57,89.2,27.51
Palm Leaf Packaging,25.83,10.98,9.61,1.11,88.0,50.59
Recycled Paperboard,21.13,7.89,9.06,1.48,80.87,39.54
Biodegradable Plastic (PLA),42.1,10.29,9.4,1.73,81.32,91.22
Cornstarch Packaging,36.01,7.45,9.27,2.37,66.83,123.87
Aluminum (Recycled),83.87,27.67,1.83,8.91,99.31,162.38
Glass (Recycled),75.27,35.05,1.17,4.61,96.86,45.2
Seaweed-Based Film,24.83,13.59,9.08,0.88,93.88,44.57
Recycled Paperboard,22.95,11.38,8.46,1.67,92.37,30.22
Seaweed-Based Film,28.41,13.69,9.27,1.4,95.37,79.51
Jute Fiber Packaging,35.28,14.52,9.55,1.31,91.19,65.05
Cornstarch Packaging,34.16,12.44,8.94,2.62,68.22,120.9
Recycled Paperboard,23.09,11.56,7.51,1.43,89.25,39.72
Cornstarch Packaging,28.2,14.24,9.32,2.31,80.6,85.35
Compostable Mailer,36.25,16.73,9.75,2.01,77.65,126.6
Palm Leaf Packaging,22.77,10.39,9.3,1.27,85.88,74.93
Cornstarch Packaging,40.98,7.43,8.56,2.81,84.47,128.44
Bamboo Fiber,29.76,14.13,9.64,0.91,85.22,56.47
Mushroom Packaging (Mycelium),32.83,9.87,9.68,1.06,88.56,99.83
Molded Pulp,32.83,9.87,9.68,1.06,88.56,99.83
Aluminum (Recycled),75.52,16.81,0.75,8.59,98.47,138.83
Sugarcane Bagasse,26.22,8.87,9.65,0.92,97.36,49.06
Corrugated Cardboard,24.95,8.8,8.34,1.71,85.96,29.11
Cornstarch Packaging,34.77,12.73,9.66,1.84,69.26,81.56
Cornstarch Packaging,28.74,16.33,9.62,2.21,84.36,89.28
Palm Leaf Packaging,26.71,10.91,9.77,1.38,94.89,77.57
Seaweed-Based Film,25.98,11.42,9.8,1.09,86.53,47.51
Seaweed-Based Film,21.62,13.6,9.2,1.09,85.83,74.92
Biodegradable Plastic (PLA),39.2,10.04,8.9,2.18,65.23,83.62
Compostable Mailer,32.74,4.73,9.28,1.94,78.9,123.01
Jute Fiber Packaging,28.13,12.86,8.86,1.49,86.42,59.98
Mushroom Packaging (Mycelium),32.52,11.75,9.56,0.71,89.24,71.06
Cornstarch Packaging,33.76,9.95,8.54,1.62,72.94,86.64
Bamboo Fiber,39.19,14.92,9.7,1.02,86.67,52.09
Sugarcane Bagasse,32.0,11.85,9.03,1.45,85.68,72.48
Seaweed-Based Film,28.49,10.79,9.71,1.34,89.41,88.89
Sugarcane Bagasse,31.59,10.4,9.45,1.21,91.84,83.9
Jute Fiber Packaging,29.39,11.55,9.81,1.03,94.76,56.74
Seaweed-Based Film,27.61,8.85,9.66,1.1,92.22,83.15
Sugarcane Bagasse,25.19,10.24,9.2,1.24,85.94,41.84
Seaweed-Based Film,23.71,6.66,9.87,1.28,94.66,65.53
Biodegradable Plastic (PLA),28.87,7.61,9.78,1.56,82.34,108.93
Sugarcane Bagasse,33.42,9.08,9.49,1.4,96.71,65.3
Cornstarch Packaging,38.26,7.27,9.69,1.82,77.46,111.58
Jute Fiber Packaging,29.5,14.19,9.57,1.45,86.8,54.75
Recycled Paperboard,22.92,11.35,7.99,1.9,86.68,32.72
Sugarcane Bagasse,30.74,6.52,9.16,1.01,97.6,55.49
Corrugated Cardboard,19.12,11.32,9.05,1.3,94.55,31.81
Recycled Paperboard,23.23,6.43,8.17,1.86,86.46,28.73
Recycled Paperboard,27.5,10.7,7.83,1.33,80.55,36.05
Corrugated Cardboard,22.04,13.15,9.19,1.84,88.78,38.02
Recycled PET (rPET),53.45,19.21,2.81,3.09,82.97,118.1
Compostable Mailer,38.66,11.76,8.91,2.26,65.83,87.42
Mushroom Packaging (Mycelium),29.58,10.69,9.45,1.11,91.36,80.01
Cornstarch Packaging,40.54,8.88,8.76,2.51,84.4,84.7
Cornstarch Packaging,31.88,17.74,9.63,1.77,78.85,121.91
Seaweed-Based Film,25.75,10.73,9.5,1.19,96.3,74.24
Biodegradable Plastic (PLA),40.53,15.56,8.78,2.49,72.88,112.56
Aluminum (Recycled),93.03,25.47,2.0,7.1,99.89,146.28
Jute Fiber Packaging,33.29,14.27,9.35,1.34,93.79,58.08
Compostable Mailer,40.95,8.32,9.55,2.64,80.96,101.78
Recycled PET (rPET),54.1,20.5,3.63,3.01,79.87,100.99
Jute Fiber Packaging,38.38,10.46,9.08,1.17,87.38,57.47
Recycled PET (rPET),64.85,24.04,3.86,3.7,80.7,115.9
Bamboo Fiber,22.0,19.87,8.54,1.1,88.8,57.98
Bamboo Fiber,36.09,20.32,9.41,1.36,93.13,64.36
Cornstarch Packaging,38.79,12.84,8.82,2.89,66.21,126.72
Cornstarch Packaging,31.23,11.16,9.13,1.89,70.7,95.36
Recycled Paperboard,23.54,11.78,8.12,1.69,90.74,29.09
Jute Fiber Packaging,28.07,12.33,8.77,1.31,86.81,60.5
Palm Leaf Packaging,21.99,10.64,9.57,0.91,97.52,69.01
Cornstarch Packaging,36.12,16.09,8.56,2.45,84.03,110.08
Recycled Paperboard,23.15,9.08,7.96,1.37,89.16,31.17
Biodegradable Plastic (PLA),28.78,9.92,9.51,1.91,81.45,101.19
Recycled PET (rPET),50.96,21.12,3.87,3.68,83.8,95.04
Biodegradable Plastic (PLA),38.17,13.24,8.78,1.64,65.47,112.1
Compostable Mailer,39.82,18.63,8.8,2.09,76.89,104.84
Mushroom Packaging (Mycelium),20.98,13.28,9.43,1.27,94.0,99.48
Cornstarch Packaging,37.84,16.89,8.86,1.62,66.71,124.71
Biodegradable Plastic (PLA),32.09,8.96,8.79,2.03,66.39,105.95
Mushroom Packaging (Mycelium),26.17,6.89,9.88,1.22,91.93,59.46
Palm Leaf Packaging,31.14,7.58,9.99,1.23,92.25,83.84
Seaweed-Based Film,21.47,9.89,9.56,1.47,87.28,81.4
Recycled PET (rPET),56.02,14.35,2.29,3.68,86.34,100.43
Bamboo Fiber,36.37,14.83,9.89,1.04,88.99,53.05
Compostable Mailer,41.07,12.43,9.18,2.44,66.78,117.76
Mushroom Packaging (Mycelium),25.67,9.7,9.78,1.27,85.47,58.19
Biodegradable Plastic (PLA),31.07,8.01,8.61,2.91,76.08,95.28
Molded Pulp,31.07,8.01,8.61,2.91,76.08,95.28
Biodegradable Plastic (PLA),29.48,5.54,9.28,2.27,83.39,104.85
Seaweed-Based Film,25.41,9.8,9.38,1.4,96.28,88.36
Compostable Mailer,31.66,14.98,8.61,2.1,68.47,114.75
Molded Pulp,31.66,14.98,8.61,2.1,68.47,114.75
Recycled Paperboard,23.08,8.98,8.78,1.86,81.99,37.93
Seaweed-Based Film,24.87,11.64,9.61,1.31,87.27,70.15
Recycled PET (rPET),48.61,18.78,3.1,3.1,75.39,94.05
Sugarcane Bagasse,25.28,11.06,9.97,1.05,89.05,70.37
Cornstarch Packaging,30.3,11.57,9.33,1.82,77.39,112.51
Recycled Paperboard,22.36,11.98,7.62,2.0,80.87,35.43
Mushroom Packaging (Mycelium),21.93,9.4,9.69,0.75,91.62,99.8
Molded Pulp,21.93,9.4,9.69,0.75,91.62,99.8
Bamboo Fiber,33.75,16.57,8.96,1.27,90.27,58.52
Biodegradable Plastic (PLA),28.17,11.33,8.98,2.12,81.55,116.68
Recycled PET (rPET),51.54,9.64,2.06,3.39,86.4,94.11
Compostable Mailer,27.61,12.55,8.52,1.86,84.52,120.08
Recycled Paperboard,22.95,10.16,7.72,1.64,86.82,37.67
Biodegradable Plastic (PLA),34.86,9.2,8.7,1.99,79.75,103.8
Molded Pulp,34.86,9.2,8.7,1.99,79.75,103.8
Glass (Recycled),59.02,16.93,1.92,5.18,99.46,59.11
Cornstarch Packaging,31.65,15.12,9.39,2.16,70.09,122.04
Palm Leaf Packaging,35.79,8.79,9.66,1.42,93.28,76.84
Recycled Paperboard,23.1,7.49,7.8,1.79,87.68,35.2
Sugarcane Bagasse,23.17,10.37,9.07,0.71,97.43,84.25
Sugarcane Bagasse,18.26,8.06,9.35,1.32,93.6,51.11
Recycled PET (rPET),62.11,22.88,2.8,3.03,76.23,119.04
Recycled PET (rPET),60.98,16.97,3.87,3.57,78.09,93.64
Compostable Mailer,41.64,13.67,9.34,2.3,65.84,128.42
Molded Pulp,41.64,13.67,9.34,2.3,65.84,128.42
Recycled Paperboard,21.07,10.86,9.46,1.68,88.74,36.22
Compostable Mailer,37.69,15.22,8.67,2.01,83.56,91.23
Seaweed-Based Film,19.78,6.07,9.44,1.19,97.26,54.44
Aluminum (Recycled),87.79,28.34,1.83,8.29,96.43,162.64
Bamboo Fiber,31.33,13.85,9.63,1.18,93.42,64.57
Bamboo Fiber,34.65,16.52,8.77,1.23,94.85,68.75
Glass (Recycled),73.2,21.74,2.64,4.32,97.53,56.81
Compostable Mailer,36.54,17.11,9.27,2.26,70.95,108.25
Corrugated Cardboard,25.26,9.76,8.77,1.81,82.4,31.92
Palm Leaf Packaging,23.95,8.3,9.8,0.86,92.22,83.98
Seaweed-Based Film,19.02,10.89,9.36,1.33,92.2,40.31
Recycled Paperboard,20.65,10.3,9.42,1.49,84.9,27.23
Compostable Mailer,38.61,10.88,9.8,2.05,73.97,116.1
Palm Leaf Packaging,26.12,11.87,9.39,1.03,94.04,40.19
Aluminum (Recycled),74.74,37.58,1.69,7.19,97.94,149.24
Bamboo Fiber,29.74,13.55,9.37,1.24,90.61,62.07
Cornstarch Packaging,40.12,13.78,8.85,2.74,74.97,83.85
Jute Fiber Packaging,31.32,11.64,9.68,1.32,92.89,60.35
Cornstarch Packaging,29.29,11.42,8.93,2.15,66.77,91.03
Seaweed-Based Film,32.57,11.26,10.0,1.45,93.35,65.27
Compostable Mailer,41.11,13.75,8.65,2.11,81.8,99.19
Biodegradable Plastic (PLA),44.42,16.63,8.74,2.04,71.69,81.31
Sugarcane Bagasse,25.7,6.46,9.3,1.45,88.37,65.78
Bamboo Fiber,34.05,11.4,9.19,1.19,86.33,51.61
Recycled Paperboard,22.92,12.54,8.37,1.78,91.48,27.38
Seaweed-Based Film,20.01,10.6,9.75,1.23,97.44,44.14
Biodegradable Plastic (PLA),34.5,11.39,8.84,1.87,83.13,92.48
Seaweed-Based Film,29.57,8.39,9.45,1.32,85.85,69.25
Molded Pulp,29.57,8.39,9.45,1.32,85.85,69.25
Compostable Mailer,22.88,14.65,8.95,2.85,65.44,113.19
Sugarcane Bagasse,25.33,11.03,9.94,0.74,90.44,55.61
Cornstarch Packaging,38.97,8.24,8.76,2.35,74.28,128.6
Jute Fiber Packaging,25.54,16.49,8.67,0.99,87.25,55.02
Jute Fiber Packaging,32.8,16.45,9.29,0.97,93.6,64.46
Mushroom Packaging (Mycelium),25.88,9.27,9.54,0.77,90.96,69.08
Recycled PET (rPET),57.62,23.62,3.39,3.62,84.76,106.36
Cornstarch Packaging,35.1,9.82,9.55,2.19,66.04,119.31
Mushroom Packaging (Mycelium),21.77,8.4,9.16,0.96,94.84,71.16
Mushroom Packaging (Mycelium),26.62,9.5,9.88,1.4,88.1,67.07
Recycled PET (rPET),60.3,19.69,3.62,3.75,76.58,109.7
Compostable Mailer,32.87,15.45,9.51,2.95,69.08,106.17
Seaweed-Based Film,29.6,8.66,9.58,1.21,95.37,63.76
Jute Fiber Packaging,32.27,15.56,8.74,1.32,92.93,56.34
Recycled PET (rPET),52.99,18.39,2.55,4.34,84.81,94.56
Bamboo Fiber,40.25,9.8,8.63,1.43,93.04,60.1
Recycled Paperboard,22.76,9.9,9.47,1.73,89.52,27.49
Sugarcane Bagasse,24.06,11.97,9.16,0.71,92.28,71.64
Mushroom Packaging (Mycelium),27.9,10.65,9.08,1.29,87.44,91.49
Glass (Recycled),71.35,31.59,2.42,4.47,97.36,56.43
Biodegradable Plastic (PLA),24.39,10.18,9.14,2.74,71.7,88.69
Glass (Recycled),76.72,27.73,1.2,4.36,95.71,46.96
Recycled PET (rPET),64.69,18.71,3.95,3.93,80.29,115.24
Aluminum (Recycled),94.04,29.85,1.45,7.25,98.38,143.0
Seaweed-Based Film,22.68,10.4,9.17,1.38,87.95,90.22
Aluminum (Recycled),98.71,21.92,1.54,8.03,96.53,138.51
Palm Leaf Packaging,27.57,10.36,9.87,1.31,95.25,79.9
Recycled PET (rPET),57.46,19.03,4.01,3.84,76.66,103.41
Recycled PET (rPET),61.64,19.52,3.64,3.57,89.65,93.32
Recycled Paperboard,21.39,8.82,8.98,1.93,84.2,37.88
Cornstarch Packaging,37.57,11.22,9.48,2.71,65.36,128.14
Recycled Paperboard,20.19,11.17,9.16,1.43,93.09,26.69
Recycled PET (rPET),57.2,27.35,2.29,3.36,75.19,104.06
Sugarcane Bagasse,29.0,6.77,9.3,0.94,94.66,42.89
Cornstarch Packaging,39.75,17.13,9.66,1.78,66.58,91.98
Cornstarch Packaging,35.35,15.49,8.58,2.75,76.98,85.75
Recycled Paperboard,25.93,10.0,9.26,1.66,87.76,31.46
Glass (Recycled),64.77,15.85,2.55,4.9,99.46,48.87
Jute Fiber Packaging,38.45,16.94,9.39,1.32,87.37,60.25
Bamboo Fiber,31.02,10.47,9.23,1.29,94.51,62.01
Sugarcane Bagasse,25.22,13.39,9.63,0.76,88.31,61.71
Jute Fiber Packaging,29.55,12.89,8.71,1.07,94.72,56.63
Cornstarch Packaging,27.97,11.75,9.29,1.92,69.14,105.83
Compostable Mailer,33.45,9.74,9.54,2.36,75.25,94.67
Recycled PET (rPET),54.04,22.69,2.26,3.93,76.71,100.36
Mushroom Packaging (Mycelium),30.38,10.04,9.49,1.26,97.91,47.89
Mushroom Packaging (Mycelium),21.46,6.97,9.42,1.03,96.8,82.84
Corrugated Cardboard,18.26,10.79,9.15,1.96,92.32,25.02
Jute Fiber Packaging,30.07,13.44,8.89,0.94,91.04,63.73
Glass (Recycled),67.85,20.54,1.91,4.55,95.61,48.38
Biodegradable Plastic (PLA),34.34,12.23,8.6,2.03,83.83,113.43
Palm Leaf Packaging,19.55,12.82,9.59,0.71,93.27,94.8
Cornstarch Packaging,39.77,12.86,9.44,1.68,83.05,83.32
Compostable Mailer,29.28,12.33,8.52,2.13,70.9,104.3
Molded Pulp,29.28,12.33,8.52,2.13,70.9,104.3
Biodegradable Plastic (PLA),32.26,12.28,8.66,2.34,71.86,116.46
Bamboo Fiber,35.88,14.28,9.54,1.16,91.73,55.51
Compostable Mailer,40.0,9.99,9.08,2.7,81.45,122.88
Bamboo Fiber,31.46,15.43,8.98,1.25,88.71,62.02
Mushroom Packaging (Mycelium),30.16,12.25,9.37,0.83,90.6,48.56
Compostable Mailer,33.46,14.34,8.7,1.54,77.92,111.85
Jute Fiber Packaging,29.75,12.37,9.11,1.09,91.77,62.12
Corrugated Cardboard,19.3,7.82,9.48,1.56,90.32,27.11
Compostable Mailer,32.63,11.96,9.16,2.95,72.68,81.95
Molded Pulp,32.63,11.96,9.16,2.95,72.68,81.95
Corrugated Cardboard,22.73,8.26,7.82,1.22,91.34,31.88
Compostable Mailer,37.8,11.11,8.65,2.93,71.28,124.42
Compostable Mailer,40.87,13.11,9.78,1.93,84.22,99.47
Compostable Mailer,27.15,8.62,9.2,1.73,76.07,107.09
Corrugated Cardboard,24.91,10.0,8.38,1.44,83.89,27.92
Cornstarch Packaging,34.16,10.58,8.85,2.95,76.15,97.36
Mushroom Packaging (Mycelium),19.64,10.48,9.44,1.2,91.36,64.11
Recycled PET (rPET),61.61,27.83,3.86,3.3,80.93,91.18
Compostable Mailer,48.22,7.49,8.8,2.95,83.19,116.11
Cornstarch Packaging,40.43,12.29,8.67,2.69,67.5,119.71
Mushroom Packaging (Mycelium),28.11,9.26,9.94,0.82,91.01,98.86
Mushroom Packaging (Mycelium),30.63,9.9,9.59,1.0,88.72,52.19
Molded Pulp,30.63,9.9,9.59,1.0,88.72,52.19
Biodegradable Plastic (PLA),32.02,16.12,9.16,2.24,76.55,123.28
Glass (Recycled),69.56,26.43,2.66,5.15,97.87,59.12
Glass (Recycled),68.42,24.24,2.71,4.66,99.23,57.86
Recycled PET (rPET),58.56,8.24,3.88,4.39,75.29,104.31
Palm Leaf Packaging,30.62,11.9,9.69,0.81,88.89,61.52
Mushroom Packaging (Mycelium),21.87,11.72,9.21,1.47,85.12,99.87
Cornstarch Packaging,39.77,13.54,8.88,1.52,79.76,121.71
Palm Leaf Packaging,21.79,10.86,9.75,1.32,93.56,85.97
Recycled PET (rPET),57.11,24.28,2.27,3.73,76.16,102.23
Seaweed-Based Film,21.62,9.71,9.35,0.79,95.51,96.86
Sugarcane Bagasse,15.53,10.43,9.08,1.1,95.33,82.43
Compostable Mailer,26.96,9.71,8.8,1.92,81.07,126.46
Seaweed-Based Film,29.15,9.61,9.32,1.08,87.94,78.43
Recycled PET (rPET),55.36,21.11,3.07,3.97,76.84,116.66
Recycled PET (rPET),36.88,20.74,3.76,3.94,76.08,110.48
Mushroom Packaging (Mycelium),29.04,8.05,9.82,1.34,92.18,71.21
Compostable Mailer,36.96,10.47,8.85,2.25,70.69,86.69
Molded Pulp,36.96,10.47,8.85,2.25,70.69,86.69
Seaweed-Based Film,22.38,10.3,9.75,0.95,85.0,70.67
Biodegradable Plastic (PLA),33.36,12.47,9.59,1.51,69.94,117.05
Cornstarch Packaging,31.71,11.09,8.97,1.91,81.85,95.67
Cornstarch Packaging,36.31,12.58,9.06,2.86,72.55,128.2
Biodegradable Plastic (PLA),36.33,10.25,9.14,2.08,77.65,115.19
Compostable Mailer,39.83,15.71,9.76,2.64,84.02,115.13
Glass (Recycled),65.06,23.42,2.56,4.97,95.24,47.2
Biodegradable Plastic (PLA),35.0,13.8,9.06,2.19,69.18,98.44
Mushroom Packaging (Mycelium),22.46,9.7,9.77,1.03,95.69,91.02
Bamboo Fiber,34.49,9.58,9.21,1.43,87.16,63.56
Recycled PET (rPET),45.68,23.27,2.41,3.98,86.08,99.47
Compostable Mailer,29.05,16.93,9.43,1.8,82.8,94.37
Recycled Paperboard,21.37,8.67,7.72,1.61,84.01,37.53
Recycled PET (rPET),53.63,16.02,3.48,3.61,82.96,107.85
Mushroom Packaging (Mycelium),24.9,9.47,9.96,1.12,93.81,58.71
Recycled Paperboard,25.15,10.44,8.54,1.98,81.88,25.25
Corrugated Cardboard,25.02,10.18,7.74,1.41,80.26,29.4
Recycled PET (rPET),55.61,26.2,3.04,3.56,75.02,98.99
Bamboo Fiber,32.66,13.15,9.77,0.91,93.99,65.66
Recycled Paperboard,22.33,11.98,8.3,1.44,80.99,28.42
Seaweed-Based Film,24.48,6.71,9.75,1.08,85.75,97.47
Seaweed-Based Film,25.1,10.46,9.96,0.76,89.75,53.52
Glass (Recycled),67.0,23.41,2.24,5.17,97.89,42.94
Mushroom Packaging (Mycelium),27.49,12.28,9.39,1.24,88.38,60.71
Recycled PET (rPET),53.6,21.87,3.41,4.34,85.62,91.87
Aluminum (Recycled),81.65,42.54,0.7,8.92,97.65,139.68
Jute Fiber Packaging,40.09,13.02,8.61,1.06,93.07,59.19
Palm Leaf Packaging,13.94,13.07,9.04,0.83,90.79,52.55
Mushroom Packaging (Mycelium),22.85,11.18,9.96,0.86,97.37,99.69
Cornstarch Packaging,27.01,13.39,9.07,2.39,66.46,111.12
Aluminum (Recycled),94.26,30.11,1.64,7.32,97.38,158.73
Compostable Mailer,38.6,8.12,9.37,1.74,76.3,118.58
Palm Leaf Packaging,23.43,10.0,9.01,0.99,97.04,53.72
Palm Leaf Packaging,18.75,11.21,9.32,1.38,94.48,45.72
Biodegradable Plastic (PLA),32.82,11.8,9.13,2.49,67.37,94.44
Corrugated Cardboard,25.23,8.64,9.49,1.24,91.42,30.58
Seaweed-Based Film,32.1,8.8,9.92,1.46,92.5,61.43
Bamboo Fiber,29.26,15.37,9.35,1.12,91.57,54.81
Bamboo Fiber,32.06,10.14,8.83,0.92,85.36,53.5
Glass (Recycled),66.74,28.43,2.9,4.87,97.18,51.6
Glass (Recycled),82.94,25.52,1.56,4.53,99.47,58.93
Jute Fiber Packaging,31.24,15.76,9.67,1.19,89.98,54.09
Sugarcane Bagasse,18.74,10.73,9.33,1.38,87.69,44.27
Corrugated Cardboard,15.19,9.4,9.12,1.87,84.98,35.4
Bamboo Fiber,34.72,16.58,8.73,1.43,90.39,55.65
Biodegradable Plastic (PLA),32.48,11.76,8.67,2.65,65.0,100.83
Sugarcane Bagasse,21.62,10.07,9.97,0.88,88.95,58.24
Jute Fiber Packaging,34.72,9.55,9.61,1.41,89.23,56.06
Cornstarch Packaging,40.97,9.06,9.56,1.77,72.42,125.1
Seaweed-Based Film,22.01,12.84,9.59,1.23,86.02,72.67
Recycled Paperboard,20.51,10.05,9.06,1.67,94.28,25.64
Glass (Recycled),75.2,17.48,1.59,5.07,98.8,42.05
Sugarcane Bagasse,34.98,16.22,9.37,1.45,95.76,81.83
Seaweed-Based Film,23.4,13.59,9.92,1.26,94.48,91.7
Recycled Paperboard,25.52,7.77,7.89,1.48,85.03,39.68
Cornstarch Packaging,37.2,14.34,9.45,2.34,83.94,104.81
Molded Pulp,37.2,14.34,9.45,2.34,83.94,104.81
Cornstarch Packaging,29.54,10.84,9.52,2.6,72.69,81.26
Bamboo Fiber,25.93,11.93,9.56,1.39,90.46,69.34
Sugarcane Bagasse,25.04,8.68,9.72,1.39,87.33,88.0
Glass (Recycled),52.77,30.49,1.26,5.3,95.79,46.2
Molded Pulp,52.77,30.49,1.26,5.3,95.79,46.2
Corrugated Cardboard,25.08,8.22,8.85,1.84,83.76,34.37
Bamboo Fiber,36.85,13.78,9.86,0.91,91.74,51.04
Aluminum (Recycled),72.24,32.45,0.96,7.71,98.11,143.36
Glass (Recycled),64.97,32.67,1.14,5.18,96.43,48.66
Recycled PET (rPET),48.3,24.94,2.17,3.56,89.17,109.25
Corrugated Cardboard,26.35,11.9,7.9,1.53,91.26,26.52
Jute Fiber Packaging,28.14,10.13,9.15,1.49,85.68,60.37
Seaweed-Based Film,23.85,8.15,9.74,1.26,90.5,60.79
Jute Fiber Packaging,26.01,11.05,8.81,1.19,87.69,55.75
Compostable Mailer,36.04,12.21,9.28,1.62,66.51,127.57
Molded Pulp,36.04,12.21,9.28,1.62,66.51,127.57
Glass (Recycled),65.63,23.64,2.2,4.94,98.24,45.35
Corrugated Cardboard,25.43,6.7,8.91,1.69,84.69,29.07
Jute Fiber Packaging,36.07,13.81,9.92,0.96,86.55,68.89
Seaweed-Based Film,27.76,10.68,9.2,1.17,94.11,80.81
Cornstarch Packaging,33.85,11.87,9.26,1.88,74.01,127.88
Glass (Recycled),78.99,23.33,1.38,5.01,99.89,42.04
Aluminum (Recycled),89.76,28.95,0.64,8.5,99.57,147.36
Jute Fiber Packaging,30.25,8.18,9.59,0.91,90.89,62.27
Aluminum (Recycled),77.08,34.14,1.57,7.18,96.0,165.1
Mushroom Packaging (Mycelium),21.08,8.62,9.27,0.9,85.81,67.54
Molded Pulp,21.08,8.62,9.27,0.9,85.81,67.54
Sugarcane Bagasse,28.41,12.97,9.67,0.76,97.37,90.31
Glass (Recycled),74.0,27.36,2.87,4.82,96.0,52.34
Corrugated Cardboard,25.61,10.77,8.54,1.25,85.57,38.81
Jute Fiber Packaging,36.29,20.09,8.9,1.12,93.95,63.33
Compostable Mailer,33.85,16.36,9.32,1.87,79.11,101.38
Aluminum (Recycled),109.93,25.4,1.9,7.13,99.12,141.7
Palm Leaf Packaging,23.06,9.91,9.3,1.1,85.73,69.47
Biodegradable Plastic (PLA),32.53,16.33,9.35,1.89,68.19,88.02
Sugarcane Bagasse,28.95,10.68,9.81,1.25,86.44,57.35
Biodegradable Plastic (PLA),29.57,9.52,9.17,2.3,72.14,97.69
Compostable Mailer,37.41,13.64,8.9,2.87,84.06,96.34
Biodegradable Plastic (PLA),35.43,5.34,9.72,2.81,67.05,99.64
Palm Leaf Packaging,25.88,15.97,9.19,1.39,93.8,90.27
Palm Leaf Packaging,27.1,11.21,9.44,1.19,87.08,80.42
Corrugated Cardboard,24.67,7.16,7.96,1.29,82.48,25.03
Compostable Mailer,39.88,14.76,9.17,1.74,66.67,80.96
Mushroom Packaging (Mycelium),21.45,7.48,9.11,0.88,91.75,76.47
Bamboo Fiber,26.49,11.31,8.83,1.48,91.16,61.14
Seaweed-Based Film,17.07,6.24,9.54,1.26,94.13,50.3
Corrugated Cardboard,15.09,9.01,9.24,1.71,87.99,26.73
Recycled Paperboard,20.22,9.51,8.17,1.31,90.38,28.09
Bamboo Fiber,35.43,12.3,8.81,1.2,89.19,50.36
Molded Pulp,35.43,12.3,8.81,1.2,89.19,50.36
Aluminum (Recycled),116.21,23.33,1.44,8.38,96.27,130.4
Recycled Paperboard,23.84,12.52,9.17,1.86,92.65,32.28
Glass (Recycled),78.77,21.87,1.9,4.28,99.27,57.65
Molded Pulp,78.77,21.87,1.9,4.28,99.27,57.65
Sugarcane Bagasse,21.0,9.87,9.39,1.34,96.72,52.21
Glass (Recycled),76.79,13.77,2.94,4.1,98.24,41.48
Mushroom Packaging (Mycelium),31.0,9.02,9.43,1.5,92.27,59.27
Aluminum (Recycled),83.65,22.86,1.06,7.14,96.85,148.57
Glass (Recycled),77.18,31.37,2.42,4.01,96.09,53.23
Bamboo Fiber,31.19,12.98,9.71,1.36,90.48,51.33
Molded Pulp,31.19,12.98,9.71,1.36,90.48,51.33
Aluminum (Recycled),94.57,38.73,1.67,8.5,99.02,150.72
Mushroom Packaging (Mycelium),27.05,8.28,9.62,1.29,87.21,51.7
Cornstarch Packaging,36.48,13.39,9.68,2.64,76.94,112.71
Aluminum (Recycled),91.91,35.65,1.45,7.31,97.37,158.66
Sugarcane Bagasse,20.76,8.7,9.31,0.89,87.79,65.49
Recycled Paperboard,23.05,10.8,7.88,1.26,90.44,30.74
Mushroom Packaging (Mycelium),27.55,12.06,9.8,0.92,94.0,55.84
Glass (Recycled),71.37,27.77,1.65,4.4,95.95,53.89
Corrugated Cardboard,24.39,6.27,8.03,1.73,92.22,36.67
Bamboo Fiber,29.21,14.75,8.63,1.32,88.68,58.65
Corrugated Cardboard,24.05,5.87,7.58,1.73,84.85,38.47
Recycled PET (rPET),53.02,22.93,4.7,4.49,87.38,115.35
Seaweed-Based Film,27.35,6.93,9.07,0.78,97.99,59.6
Sugarcane Bagasse,28.78,11.22,9.86,1.5,88.14,42.42
Palm Leaf Packaging,19.92,9.51,9.02,0.99,95.19,73.97
Jute Fiber Packaging,36.33,9.06,8.85,0.91,92.64,62.47
Palm Leaf Packaging,26.93,12.18,9.56,1.2,96.24,75.22
Seaweed-Based Film,25.72,10.05,9.76,1.05,94.2,63.35
Recycled PET (rPET),58.0,14.4,4.78,4.39,80.13,105.83
Palm Leaf Packaging,28.13,11.77,9.59,0.74,90.91,80.49
Compostable Mailer,29.71,16.44,9.72,1.75,75.01,114.54
Recycled PET (rPET),61.07,25.37,2.83,3.23,84.54,107.98
Seaweed-Based Film,27.81,8.24,9.46,1.23,95.89,50.18
Compostable Mailer,42.77,14.56,9.59,2.7,84.22,106.8
Jute Fiber Packaging,21.88,12.11,8.73,1.24,87.77,68.43
Molded Pulp,21.88,12.11,8.73,1.24,87.77,68.43
Jute Fiber Packaging,39.02,17.72,9.03,0.93,85.32,58.47
Mushroom Packaging (Mycelium),25.98,8.48,9.88,1.41,93.57,52.67
Aluminum (Recycled),96.3,25.17,0.93,8.61,99.99,131.2
Cornstarch Packaging,36.27,14.46,9.77,2.2,81.95,83.12
Seaweed-Based Film,22.42,9.61,9.98,1.35,96.08,96.28
Sugarcane Bagasse,23.97,8.51,9.07,0.87,87.98,68.15
Corrugated Cardboard,21.53,8.43,7.83,1.32,94.6,36.39
Cornstarch Packaging,34.69,13.44,8.86,2.7,71.53,94.97
Seaweed-Based Film,22.56,9.3,9.26,0.98,93.76,43.75
Aluminum (Recycled),95.95,26.66,0.72,7.69,99.32,136.2
Biodegradable Plastic (PLA),34.84,9.45,8.89,2.35,81.08,86.86
Bamboo Fiber,32.74,21.08,8.72,1.27,87.74,59.76
Cornstarch Packaging,34.6,9.5,8.9,2.73,66.14,100.93
Bamboo Fiber,38.96,12.04,9.36,1.3,92.77,67.24
Cornstarch Packaging,36.97,6.22,9.59,2.98,82.79,98.57
Seaweed-Based Film,24.76,7.19,9.74,1.09,91.28,90.29
Molded Pulp,24.76,7.19,9.74,1.09,91.28,90.29
Biodegradable Plastic (PLA),39.76,10.9,9.03,1.99,74.08,118.12
Corrugated Cardboard,22.27,8.4,9.4,1.34,88.52,33.69
Mushroom Packaging (Mycelium),36.09,9.68,9.23,1.14,89.84,79.7
Seaweed-Based Film,26.08,7.81,9.19,0.92,87.84,50.97
Mushroom Packaging (Mycelium),22.26,11.67,9.93,1.48,92.43,48.58
Sugarcane Bagasse,31.09,8.97,9.37,0.77,92.24,90.71
Compostable Mailer,32.34,13.45,9.37,1.83,69.36,123.7
Cornstarch Packaging,30.81,9.34,8.5,2.81,80.85,111.37
Jute Fiber Packaging,29.45,14.38,9.19,1.11,85.94,59.72
Molded Pulp,29.45,14.38,9.19,1.11,85.94,59.72
Seaweed-Based Film,20.32,8.66,9.24,1.43,91.08,67.98
Sugarcane Bagasse,21.97,10.92,9.49,1.04,92.76,99.97
Bamboo Fiber,29.9,17.17,9.74,1.0,85.3,54.09
Molded Pulp,29.9,17.17,9.74,1.0,85.3,54.09
Recycled Paperboard,23.42,4.74,8.73,1.93,87.65,32.52
Compostable Mailer,24.58,17.17,9.59,1.74,65.5,102.45
Recycled PET (rPET),51.58,21.32,3.82,3.42,77.6,101.39
Mushroom Packaging (Mycelium),22.75,12.51,9.75,0.8,95.05,54.22
Glass (Recycled),75.48,34.24,2.86,4.58,95.33,40.38
Compostable Mailer,35.49,15.89,9.51,1.85,71.9,81.51
Recycled Paperboard,23.28,9.5,9.37,1.41,89.17,35.18
Palm Leaf Packaging,29.35,9.09,9.95,1.41,94.61,56.65
Seaweed-Based Film,29.38,12.95,9.99,0.95,89.42,44.74
Seaweed-Based Film,16.8,9.22,9.34,1.37,97.16,51.14
Mushroom Packaging (Mycelium),28.2,9.62,9.06,0.77,87.12,75.71
Bamboo Fiber,32.34,4.03,8.87,1.18,91.62,65.02
Biodegradable Plastic (PLA),37.33,16.56,9.68,2.73,80.14,82.78
Aluminum (Recycled),80.51,40.48,1.1,8.77,99.48,166.37
Mushroom Packaging (Mycelium),30.68,7.79,9.27,0.85,87.4,60.53
Biodegradable Plastic (PLA),41.12,11.22,8.66,2.6,75.63,94.4
Molded Pulp,41.12,11.22,8.66,2.6,75.63,94.4
Biodegradable Plastic (PLA),25.44,11.79,9.27,2.15,68.29,85.83
Seaweed-Based Film,29.56,10.21,9.34,1.29,93.56,95.89
Molded Pulp,29.56,10.21,9.34,1.29,93.56,95.89
Glass (Recycled),72.11,31.36,2.31,5.35,97.0,46.54
Glass (Recycled),69.02,25.47,2.15,4.7,95.59,59.61
Cornstarch Packaging,42.58,13.81,8.54,2.49,75.65,85.16
Glass (Recycled),72.06,18.79,1.59,5.41,99.09,59.67
Bamboo Fiber,24.37,10.42,8.58,0.93,91.92,59.16
Palm Leaf Packaging,27.78,7.33,9.25,1.16,89.67,89.41
Aluminum (Recycled),89.06,37.95,1.03,7.73,99.03,143.13
Seaweed-Based Film,17.4,4.34,9.84,0.88,89.95,88.5
Seaweed-Based Film,22.94,12.31,9.46,0.94,97.12,47.12
Bamboo Fiber,32.76,14.35,9.3,0.92,89.76,58.15
Recycled PET (rPET),57.72,16.07,4.91,3.84,85.72,92.05
Biodegradable Plastic (PLA),30.19,11.38,9.3,2.91,78.24,83.84
Aluminum (Recycled),97.15,17.7,1.1,8.67,99.07,154.47
Bamboo Fiber,26.51,10.87,8.66,1.11,89.13,63.52
Cornstarch Packaging,32.22,12.61,9.01,1.77,68.14,121.37
Glass (Recycled),69.25,22.35,1.34,5.32,97.79,44.63
Jute Fiber Packaging,39.02,13.06,9.94,1.03,93.86,68.69
Bamboo Fiber,32.9,15.08,9.44,1.14,92.52,60.63
Glass (Recycled),64.14,34.09,2.46,5.24,95.73,56.66
Recycled Paperboard,26.6,9.28,8.36,1.5,93.73,28.77
Jute Fiber Packaging,31.77,16.66,9.27,1.09,90.73,56.5
Bamboo Fiber,31.62,14.26,9.59,1.11,91.71,66.11
Bamboo Fiber,31.48,14.74,9.67,1.06,94.9,50.52
Molded Pulp,31.48,14.74,9.67,1.06,94.9,50.52
Mushroom Packaging (Mycelium),33.25,12.14,9.69,0.8,97.2,50.87
Aluminum (Recycled),77.07,33.43,0.96,8.09,97.09,136.41
Aluminum (Recycled),86.99,22.74,1.64,8.8,95.42,145.72
Recycled Paperboard,26.15,12.31,7.83,1.39,80.36,37.52
Compostable Mailer,37.46,10.93,9.7,2.13,66.01,81.97
Cornstarch Packaging,25.45,15.95,8.54,2.37,65.23,119.37
Aluminum (Recycled),89.11,29.77,1.38,7.8,99.87,151.77
Molded Pulp,89.11,29.77,1.38,7.8,99.87,151.77
Cornstarch Packaging,39.76,8.94,8.85,2.86,72.49,107.49
Recycled Paperboard,22.7,7.79,9.16,1.84,83.36,28.39
Cornstarch Packaging,34.45,9.31,8.94,2.81,66.67,90.56
Sugarcane Bagasse,10.47,9.25,9.33,1.02,91.89,49.68
Molded Pulp,10.47,9.25,9.33,1.02,91.89,49.68
Compostable Mailer,41.64,12.94,9.49,1.73,67.98,93.41
Cornstarch Packaging,29.23,6.74,9.38,1.59,65.69,99.6
Compostable Mailer,30.27,13.82,9.33,1.89,82.72,124.78
Palm Leaf Packaging,19.99,8.5,9.41,0.89,93.74,89.56
Mushroom Packaging (Mycelium),29.89,11.04,9.4,0.83,94.59,61.63
Glass (Recycled),60.43,29.47,1.16,5.49,95.78,59.77
Recycled Paperboard,25.68,12.66,9.23,1.43,87.02,34.29
Sugarcane Bagasse,17.32,6.24,9.33,1.15,96.06,52.09
Recycled PET (rPET),56.11,21.7,4.47,3.83,86.69,90.49
Biodegradable Plastic (PLA),30.24,9.97,9.49,1.88,82.31,85.14
Recycled Paperboard,25.7,9.9,8.15,1.74,88.91,34.05
Sugarcane Bagasse,28.68,13.56,9.43,0.92,94.99,53.58
Corrugated Cardboard,19.85,10.51,8.75,1.8,83.28,25.9
Cornstarch Packaging,36.42,9.04,9.6,1.57,79.68,97.07
Glass (Recycled),76.23,24.8,1.66,4.7,95.07,41.63
Bamboo Fiber,27.72,18.73,9.32,1.0,87.96,63.28
Recycled PET (rPET),56.11,23.75,3.69,3.75,76.04,92.7
Glass (Recycled),56.65,30.29,2.83,4.61,95.72,54.29
Compostable Mailer,36.14,6.43,9.41,2.85,80.84,113.82
Palm Leaf Packaging,26.84,10.3,9.3,0.7,88.54,53.07
Recycled PET (rPET),62.12,25.75,3.78,3.02,85.93,99.71
Jute Fiber Packaging,34.66,18.82,9.01,0.98,85.94,66.63
Biodegradable Plastic (PLA),36.16,13.94,8.63,2.1,79.58,118.99
Jute Fiber Packaging,28.33,17.07,8.88,0.91,90.4,67.02
Recycled Paperboard,23.24,10.11,8.53,1.27,88.23,30.7
Glass (Recycled),57.51,32.52,1.48,4.14,96.57,41.93
Seaweed-Based Film,32.09,5.02,9.87,1.5,92.58,88.75
Compostable Mailer,28.96,8.77,9.02,2.51,78.64,95.76
Recycled Paperboard,24.02,7.12,7.76,1.66,90.4,35.51
Corrugated Cardboard,24.6,9.72,8.5,1.78,89.29,27.8
Glass (Recycled),86.69,19.93,2.7,4.29,95.63,59.27
Jute Fiber Packaging,31.78,10.05,9.38,1.22,85.86,51.14
Jute Fiber Packaging,32.78,10.29,9.32,1.04,91.38,66.4
Compostable Mailer,34.99,10.23,9.4,1.88,71.16,110.68
Recycled PET (rPET),64.54,22.3,3.09,3.96,81.99,95.7
Recycled PET (rPET),58.02,27.19,3.08,4.37,75.31,99.47
Biodegradable Plastic (PLA),29.87,15.69,9.38,2.09,80.13,102.71
Glass (Recycled),75.43,24.32,1.5,4.18,97.92,59.39
Glass (Recycled),65.25,24.17,1.68,4.76,95.81,53.16
Aluminum (Recycled),78.47,19.88,0.67,8.77,97.07,145.49
Recycled PET (rPET),50.75,27.81,3.94,3.09,87.21,118.22
Sugarcane Bagasse,27.0,10.26,9.15,1.08,92.82,74.9
Cornstarch Packaging,26.59,8.93,8.66,2.09,68.25,116.72
Biodegradable Plastic (PLA),45.83,15.57,9.63,2.37,71.91,120.15
Mushroom Packaging (Mycelium),20.92,10.16,9.57,1.43,90.15,57.78
Jute Fiber Packaging,31.7,12.77,9.15,1.26,85.81,68.79
Recycled Paperboard,24.52,11.98,9.16,1.26,87.15,34.45
Seaweed-Based Film,27.46,11.14,9.28,1.45,86.62,92.51
Bamboo Fiber,33.74,5.4,9.37,1.46,91.72,59.63
Jute Fiber Packaging,29.3,11.79,9.16,1.29,88.81,51.09
Aluminum (Recycled),98.41,31.25,1.07,7.43,97.21,131.93
Compostable Mailer,37.13,13.25,9.26,2.03,81.0,107.73
Bamboo Fiber,33.78,16.3,9.68,1.26,89.14,69.16
Cornstarch Packaging,46.36,14.67,8.79,2.44,76.43,89.24
Palm Leaf Packaging,25.73,8.77,9.76,1.12,87.95,79.99
Molded Pulp,25.73,8.77,9.76,1.12,87.95,79.99
Mushroom Packaging (Mycelium),24.44,8.39,9.16,0.85,87.63,63.2
Recycled Paperboard,22.62,7.88,8.52,1.59,85.74,37.59
Recycled PET (rPET),55.11,15.31,2.19,3.11,83.61,106.98
Seaweed-Based Film,25.78,12.05,9.96,0.74,86.27,42.64
Molded Pulp,25.78,12.05,9.96,0.74,86.27,42.64
Corrugated Cardboard,23.53,6.33,8.79,1.24,94.19,37.63
Mushroom Packaging (Mycelium),22.73,9.56,9.17,0.8,86.6,71.11
Palm Leaf Packaging,21.41,7.43,9.99,1.25,97.34,48.55
Cornstarch Packaging,39.89,5.68,8.6,1.51,78.41,112.09
Recycled Paperboard,22.09,3.79,8.33,1.22,85.03,27.66
Molded Pulp,22.09,3.79,8.33,1.22,85.03,27.66
Seaweed-Based Film,32.65,11.33,9.32,1.01,88.08,45.82
Recycled PET (rPET),57.98,17.86,4.03,3.82,82.13,117.67
Biodegradable Plastic (PLA),34.08,10.93,8.95,2.67,84.85,92.03
Bamboo Fiber,32.18,13.15,8.84,1.14,89.1,69.56
Recycled Paperboard,24.5,7.93,8.17,1.78,86.3,33.68
Jute Fiber Packaging,33.74,14.43,9.8,0.94,91.92,52.8
Mushroom Packaging (Mycelium),31.4,5.57,9.4,1.12,97.95,48.11
Recycled Paperboard,20.1,12.26,7.77,1.33,94.24,38.19
Bamboo Fiber,29.67,9.48,9.5,1.19,89.18,57.16
Compostable Mailer,42.49,17.57,8.71,2.21,76.07,108.51
Aluminum (Recycled),96.79,25.13,0.54,7.71,98.9,152.56
Molded Pulp,96.79,25.13,0.54,7.71,98.9,152.56
Glass (Recycled),77.04,19.61,2.13,5.19,98.68,52.2
Jute Fiber Packaging,27.55,12.89,8.89,1.15,90.99,60.27
Jute Fiber Packaging,24.64,12.9,9.6,0.91,90.85,68.83
Corrugated Cardboard,22.66,6.4,7.68,1.7,88.26,31.11
Palm Leaf Packaging,29.79,10.1,9.2,0.72,96.2,74.63
Glass (Recycled),71.79,29.52,2.62,4.64,98.75,58.26
Recycled PET (rPET),47.38,21.15,2.81,3.3,78.7,99.19
Recycled PET (rPET),67.75,25.33,3.28,3.92,76.22,92.63
Aluminum (Recycled),90.71,22.24,0.82,7.57,97.0,162.47
Corrugated Cardboard,26.21,10.21,9.37,1.22,82.31,38.29
Palm Leaf Packaging,36.52,7.04,9.66,1.24,97.11,99.82
Glass (Recycled),62.21,30.04,2.76,4.07,96.16,57.95
Palm Leaf Packaging,20.88,8.56,9.14,1.39,91.5,80.49
Biodegradable Plastic (PLA),38.91,9.63,9.49,1.97,73.21,90.48
Mushroom Packaging (Mycelium),25.17,10.22,9.93,0.94,95.16,85.95
Molded Pulp,25.17,10.22,9.93,0.94,95.16,85.95
Seaweed-Based Film,20.07,9.43,9.67,1.28,92.48,52.41
Corrugated Cardboard,17.07,9.09,8.35,1.72,91.18,28.48
Sugarcane Bagasse,17.29,8.73,9.2,1.33,96.82,62.21
Cornstarch Packaging,37.11,12.8,9.6,1.77,84.13,98.83
Palm Leaf Packaging,22.52,9.63,9.49,0.79,88.23,59.02
Compostable Mailer,36.29,12.64,8.89,2.79,82.14,118.23
Recycled PET (rPET),57.67,16.7,4.84,4.02,79.97,105.02
Bamboo Fiber,32.64,19.64,8.68,1.09,93.02,67.23
Mushroom Packaging (Mycelium),30.96,7.48,9.75,1.35,97.29,58.78
Compostable Mailer,40.15,14.62,9.38,1.88,82.46,88.44
Mushroom Packaging (Mycelium),25.37,9.7,9.48,1.38,89.98,50.1
Jute Fiber Packaging,32.71,16.69,8.78,1.33,90.11,62.09
Palm Leaf Packaging,31.38,9.7,9.83,1.27,86.37,90.33
Mushroom Packaging (Mycelium),31.09,12.11,9.36,1.4,94.43,46.76
Jute Fiber Packaging,35.73,12.33,8.57,1.48,91.79,62.63
Glass (Recycled),62.67,20.82,2.88,4.45,98.88,47.86
Bamboo Fiber,33.7,13.12,9.05,1.11,88.44,60.41
Recycled Paperboard,26.04,8.68,8.51,1.61,82.08,39.74
Mushroom Packaging (Mycelium),24.09,9.79,9.66,1.18,90.4,65.33
Recycled Paperboard,21.13,10.17,9.14,1.72,86.28,31.87
Cornstarch Packaging,39.29,9.52,9.17,1.98,76.92,129.79
Recycled Paperboard,25.38,8.76,8.19,1.24,83.06,31.28
Glass (Recycled),64.28,27.61,1.24,4.1,98.62,58.58
Palm Leaf Packaging,20.02,9.64,9.51,0.98,89.87,77.28
Corrugated Cardboard,21.24,9.66,7.57,2.0,83.49,25.81
Jute Fiber Packaging,37.01,11.66,9.01,1.17,91.76,60.18
Glass (Recycled),72.22,24.89,1.97,5.48,98.77,44.97
Biodegradable Plastic (PLA),36.13,12.05,9.61,1.65,79.13,97.28
Cornstarch Packaging,38.32,10.34,8.94,2.74,65.01,95.39
Seaweed-Based Film,21.09,8.48,9.07,0.85,92.22,57.48
Recycled Paperboard,17.51,6.54,9.25,1.92,87.39,29.95
Recycled Paperboard,22.55,8.35,8.1,1.46,82.46,36.75
Molded Pulp,22.55,8.35,8.1,1.46,82.46,36.75
Palm Leaf Packaging,26.58,8.23,9.12,0.76,96.82,51.41
Compostable Mailer,35.91,15.91,8.6,2.93,69.94,122.98
Palm Leaf Packaging,26.29,9.52,9.01,1.11,95.0,96.09
Glass (Recycled),68.69,26.06,1.57,4.43,96.89,47.87
Compostable Mailer,28.91,12.48,9.4,1.75,71.21,105.17
Seaweed-Based Film,28.27,11.62,9.65,0.82,92.11,45.25
Glass (Recycled),59.88,16.03,1.08,4.41,99.78,59.07
Jute Fiber Packaging,30.47,12.63,8.77,1.14,94.48,52.82
Corrugated Cardboard,21.8,9.54,9.46,1.51,91.63,30.14
Glass (Recycled),60.59,27.44,1.29,5.41,99.59,57.75
Seaweed-Based Film,30.91,10.96,9.07,0.97,89.08,78.14
Mushroom Packaging (Mycelium),20.15,9.2,9.6,1.35,89.97,47.94
Recycled PET (rPET),51.31,17.16,2.9,3.96,84.01,110.88
Palm Leaf Packaging,30.45,9.07,9.2,1.08,95.41,50.81
Palm Leaf Packaging,31.48,7.79,9.03,1.25,89.11,43.34
Cornstarch Packaging,28.02,13.77,9.0,1.62,67.94,94.9
Cornstarch Packaging,34.96,11.35,8.66,1.96,83.52,88.08
Aluminum (Recycled),93.2,39.92,1.83,8.11,97.67,137.82
Bamboo Fiber,27.61,8.57,9.64,1.1,94.52,64.76
Seaweed-Based Film,29.75,10.49,9.05,0.91,91.05,53.62
